,user_id,first_name,last_name,email,city,state
0,5256,Widisha,Dhar,champak01@hotmail.com,Bhusawal,Tamil Nadu
1,2526,Vyanjana,Ahuja,devpillai@gmail.com,Haldia,Himachal Pradesh
2,3712,Abhiram,Swaminathan,hegdeyadavi@hotmail.com,Farrukhabad,Odisha
3,1346,Vaishnavi,Tripathi,kaitata@hotmail.com,,Haryana
4,8930,Pavani,Kapoor,fariq41@gmail.com,Patna,Sikkim
5,4247,Ekapad,Ranganathan,ganeshkevin@yahoo.com,Bhilwara,Rajasthan
6,6328,Reva,Sekhon,maanasthaker@hotmail.com,Silchar,Andhra Pradesh
7,454,Tanvi,Seth,itailor@yahoo.com,Bikaner,Uttar Pradesh
8,8293,Gaurangi,Parekh,ishaanrajagopalan@yahoo.com,Eluru,Haryana
9,3788,Kabir,Mangal,imaransandhu@gmail.com,Sasaram,Telangana
10,9636,Zaitra,Dutt,harinakshi43@gmail.com,Kottayam,Odisha
11,9856,Gavin,Pandey,ijaya98@hotmail.com,Bhavnagar,Nagaland
12,3876,Ishaan,Balasubramanian,norilekha@hotmail.com,,Haryana
13,3929,Inaya,Sodhi,qmerchant@gmail.com,Vadodara,Mizoram
14,9463,Unni,Chada,naksh81@hotmail.com,Nashik,Telangana
15,9631,Andrew,Bajwa,padmanabhantanmayi@hotmail.com,Tezpur,Tripura
16,4968,Balendra,Dubey,dalalchaitaly@yahoo.com,Miryalaguda,Goa
17,1740,Advay,Kakar,shivanisanghvi@hotmail.com,Sikar,Punjab
18,5531,Rishi,Tiwari,vbaria@hotmail.com,Nanded,Tripura
19,496,Lipika,Brar,chakrika36@yahoo.com,Pali,Chhattisgarh
20,4385,Mitali,Hayer,batrajonathan@gmail.com,Dhanbad,Assam
21,8734,Kabir,Rajan,nazarethimaran@hotmail.com,Ujjain,Goa
22,,Sudiksha,Bali,wissac@yahoo.com,Ambattur,Jharkhand
23,1193,Ekalinga,Patel,george85@hotmail.com,Howrah,Maharashtra
24,847,Kalpit,Batra,gabriel44@yahoo.com,Buxar,Rajasthan
25,8772,Dayamai,Ratti,nbhatti@yahoo.com,Dhule,Karnataka
26,4433,Aashi,Majumdar,kkadakia@yahoo.com,Sambhal,Manipur
27,1734,Chameli,Kumer,senguptachristopher@yahoo.com,Jalandhar,Karnataka
28,1390,Qabil,Manda,khannagaurika@gmail.com,Amravati,Andhra Pradesh
29,9455,Rayaan,Yohannan,davidsridhar@gmail.com,Katihar,Arunachal Pradesh
30,2420,Darika,Rege,fvohra@gmail.com,Chandigarh,Meghalaya
31,2158,Qarin,Kapur,rastogisamar@hotmail.com,Etawah,Madhya Pradesh
32,852,Dipta,Hegde,oshankar@hotmail.com,Mira-Bhayandar,Jharkhand
33,5502,Darpan,Ganguly,baghyawati52@yahoo.com,Nagercoil,Manipur
34,8165,Yatin,Narang,nairanusha@hotmail.com,Bhagalpur,Maharashtra
35,2552,Rushil,Doctor,tchadha@gmail.com,Bharatpur,Jharkhand
36,4676,Zayyan,Rastogi,harshmane@gmail.com,Bhiwani,Kerala
37,,Rachit,Kuruvilla,balendrakapadia@hotmail.com,Jammu,Karnataka
38,1378,Jackson,Patil,timothydeep@gmail.com,,West Bengal
39,9684,Yashica,Pant,bahadurjit22@hotmail.com,Bhavnagar,Uttar Pradesh
40,,Tanay,Rout,sachi00@gmail.com,Jalna,
41,4341,Madhavi,Mukherjee,ejain@gmail.com,Bhilai,Meghalaya
42,8768,Ikshita,Naik,xkashyap@gmail.com,Chandrapur,
43,1116,Aashi,Grewal,wdate@gmail.com,Bidhannagar,Chhattisgarh
44,5111,Laksh,Dar,ranveervasa@yahoo.com,,Maharashtra
45,5751,Zayyan,Bansal,devanshaurya@yahoo.com,Serampore,Meghalaya
46,6850,Lavanya,Gandhi,divyadevi@gmail.com,Ambala,Arunachal Pradesh
47,3845,Ekavir,Pandey,harrisonbrahmbhatt@hotmail.com,Bulandshahr,
48,2218,Ekbal,Sama,manbirtandon@hotmail.com,Alwar,Nagaland
49,2081,Ekantika,Jaggi,uwadhwa@yahoo.com,Gangtok,Uttarakhand
50,7985,Jagat,Nazareth,sachi39@yahoo.com,Nashik,Madhya Pradesh
51,3139,Anay,Jani,oswamy@hotmail.com,Ambarnath,Goa
52,7544,Aarush,Varughese,kalawagle@hotmail.com,Bhimavaram,Haryana
53,5295,Yachana,Bhavsar,ekajarai@yahoo.com,Parbhani,Himachal Pradesh
54,2111,Matthew,Grover,anusha37@yahoo.com,Nadiad,Goa
55,1059,William,Lad,devbhatti@yahoo.com,Nashik,Bihar
56,2994,Warda,Sarkar,mitradhruv@gmail.com,Amroha,Sikkim
57,8314,Anita,Dhar,aarnajhaveri@yahoo.com,,West Bengal
58,5470,Sanya,Comar,zayyansrivastava@yahoo.com,Sirsa,Madhya Pradesh
59,6886,Robert,Devi,ghoshupasna@yahoo.com,,Haryana
60,6032,Forum,Agate,pandyayauvani@gmail.com,Kishanganj,Uttar Pradesh
61,3835,Lucky,Vyas,igoel@yahoo.com,Bongaigaon,Meghalaya
62,4055,Raksha,Murty,yashawini49@gmail.com,,Uttar Pradesh
63,3728,Wyatt,Vyas,pranit40@gmail.com,Kalyan-Dombivli,Sikkim
64,,Advik,Randhawa,ekantikasangha@gmail.com,Kanpur,West Bengal
65,,Yauvani,Srinivasan,manthanchopra@gmail.com,,Meghalaya
66,,Krisha,Borde,modyfaras@yahoo.com,Moradabad,West Bengal
67,1144,Jacob,Vasa,inayanarain@gmail.com,Medininagar,West Bengal
68,542,Baljiwan,Saraf,zarna98@hotmail.com,,Kerala
69,,Oviya,Borah,valabarkha@yahoo.com,Solapur,Assam
70,1174,Osha,Dutta,narangvihaan@yahoo.com,Guntakal,
71,30,Chavvi,Khanna,xsoman@yahoo.com,Tiruvottiyur,Mizoram
72,7775,Aarnav,Karnik,henrykibe@gmail.com,Yamunanagar,Gujarat
73,1627,Bhavika,Datta,vrittiborah@gmail.com,Raipur,Punjab
74,3092,Anjali,Ramakrishnan,sarahegde@gmail.com,Navi Mumbai,Himachal Pradesh
75,553,Yahvi,Mander,rchaudry@yahoo.com,Mysore,
76,142,Zarna,Choudhury,chaitanya42@hotmail.com,Kulti,Nagaland
77,9474,Hema,Kunda,bsha@gmail.com,Pondicherry,Maharashtra
78,6372,Omisha,Subramanian,majumdarreyansh@yahoo.com,Begusarai,Punjab
79,7551,Falguni,Rama,lgera@gmail.com,Kolhapur,Meghalaya
80,7186,Aarnav,Bumb,falan75@gmail.com,Serampore,Arunachal Pradesh
81,,Hardik,Iyer,anitaramachandran@yahoo.com,Adoni,Punjab
82,2108,Ayush,Shanker,ckala@hotmail.com,Guna,Chhattisgarh
83,1095,Timothy,Ranganathan,dbose@yahoo.com,Lucknow,Haryana
84,8613,Ishita,Dash,dalaltarak@yahoo.com,Vijayanagaram,Gujarat
85,4323,Mason,Narayanan,bhavini66@hotmail.com,Kota,Uttar Pradesh
86,5301,Damini,Master,binabhagat@gmail.com,Anantapur,Nagaland
87,7849,Naveen,Sharaf,eiravatimodi@gmail.com,Howrah,Chhattisgarh
88,4956,Darika,Vasa,oviyaminhas@gmail.com,Vijayawada,Punjab
89,8083,Panini,Sule,nikita18@hotmail.com,Tezpur,Assam
90,574,Arjun,Om,jagdish06@gmail.com,Kirari Suleman Nagar,Jharkhand
91,3700,Raagini,Ramakrishnan,vasavansha@yahoo.com,Thoothukudi,Tamil Nadu
92,1701,Arunima,Chopra,zkanda@yahoo.com,Indore,Tamil Nadu
93,5815,Yahvi,Dani,dattajagvi@gmail.com,Guntur,Bihar
94,1587,Meghana,Kurian,kamdartanmayi@hotmail.com,Phagwara,Andhra Pradesh
95,7726,Finn,Dave,mandalmax@gmail.com,Thoothukudi,Odisha
96,7979,Forum,Dara,madhavi40@gmail.com,Hajipur,Assam
97,670,Inaya,Vohra,warda07@yahoo.com,Bijapur,Uttar Pradesh
98,6023,Ubika,Kalita,sraja@gmail.com,Fatehpur,Gujarat
99,5782,Dalbir,Contractor,chatresh18@yahoo.com,Singrauli,Goa
